id;task;scheduled_time;valid_until;created_date;last_modified_date;created_by;last_modified_by
1;Officer Saudi New;vortals;2022-09-24T01:35:55;2022-09-23T11:23:36;2022-09-23T11:46:06;68681;961
2;yellow Brazil;deploy;2022-09-23T19:03:52;2022-09-23T17:06:29;2022-09-23T14:02:22;79421;73974
3;Chicken;artificial Omani;2022-09-23T05:33:43;2022-09-24T01:50:22;2022-09-23T03:44:25;70946;57013
4;Persistent Samoa budgetary;deposit Operative Meadows;2022-09-23T14:20:56;2022-09-23T23:06:55;2022-09-23T04:51:16;3332;13486
5;Optimization invoice payment;EXE;2022-09-23T20:26:00;2022-09-23T04:42:40;2022-09-23T22:57:34;32297;26230
6;Avon Indiana proactive;Consultant Incredible Global;2022-09-23T22:40:39;2022-09-23T13:13:18;2022-09-23T13:24:36;13113;20232
7;Tuna Business-focused;background;2022-09-23T23:07:34;2022-09-23T20:26:47;2022-09-23T10:26:46;29875;44476
8;port;indexing Avon;2022-09-23T21:01:40;2022-09-23T05:26:05;2022-09-23T09:32:34;83023;56018
9;Republic complexity index;hack Clothing User-friendly;2022-09-23T05:14:08;2022-09-23T05:06:45;2022-09-23T09:17:32;68260;30383
10;JBOD intranet auxiliary;Moroccan quantifying;2022-09-23T19:35:15;2022-09-23T05:47:44;2022-09-23T03:34:20;76972;67024
